{"lib/assets/images/background.jpg":["lib/assets/images/background.jpg"],"lib/assets/images/bin.png":["lib/assets/images/bin.png"],"lib/assets/images/image1.png":["lib/assets/images/image1.png"],"lib/assets/images/image2.png":["lib/assets/images/image2.png"],"lib/assets/images/image3.png":["lib/assets/images/image3.png"],"lib/assets/images/image4.png":["lib/assets/images/image4.png"],"lib/assets/images/pen.png":["lib/assets/images/pen.png"],"lib/assets/images/title.png":["lib/assets/images/title.png"],"packages/cupertino_icons/assets/CupertinoIcons.ttf":["packages/cupertino_icons/assets/CupertinoIcons.ttf"]}